[
    {
        "constant": true,
        "inputs": [],
        "name": "listAddrs",
        "outputs": [
            {
                "name": "_addresses",
                "type": "address[]"
            }
        ],
        "payable": false,
        "stateMutability": "view",
        "type": "function"
    },
    {
        "constant": true,
        "inputs": [
            {
                "name": "id",
                "type": "address"
            }
        ],
        "name": "getById",
        "outputs": [
            {
                "name": "_id",
                "type": "address"
            },
            {
                "name": "_name",
                "type": "string"
            },
            {
                "name": "_abi",
                "type": "string"
            },
            {
                "name": "_code",
                "type": "string"
            },
            {
                "name": "_code_type",
                "type": "string"
            },
            {
                "name": "_created_date",
                "type": "int256"
            }
        ],
        "payable": false,
        "stateMutability": "view",
        "type": "function"
    },
    {
        "constant": true,
        "inputs": [],
        "name": "num_addrs",
        "outputs": [
            {
                "name": "",
                "type": "uint256"
            }
        ],
        "payable": false,
        "stateMutability": "view",
        "type": "function"
    },
    {
        "constant": true,
        "inputs": [
            {
                "name": "",
                "type": "uint256"
            }
        ],
        "name": "addrs",
        "outputs": [
            {
                "name": "",
                "type": "address"
            }
        ],
        "payable": false,
        "stateMutability": "view",
        "type": "function"
    },
    {
        "constant": false,
        "inputs": [
            {
                "name": "addr",
                "type": "address"
            },
            {
                "name": "name",
                "type": "string"
            },
            {
                "name": "abi",
                "type": "string"
            },
            {
                "name": "code",
                "type": "string"
            },
            {
                "name": "code_type",
                "type": "string"
            },
            {
                "name": "created_date",
                "type": "int256"
            }
        ],
        "name": "register",
        "outputs": [],
        "payable": false,
        "stateMutability": "nonpayable",
        "type": "function"
    },
    {
        "constant": true,
        "inputs": [
            {
                "name": "",
                "type": "address"
            }
        ],
        "name": "contracts",
        "outputs": [
            {
                "name": "addr",
                "type": "address"
            },
            {
                "name": "owner",
                "type": "address"
            },
            {
                "name": "name",
                "type": "string"
            },
            {
                "name": "abi",
                "type": "string"
            },
            {
                "name": "code",
                "type": "string"
            },
            {
                "name": "code_type",
                "type": "string"
            },
            {
                "name": "created_date",
                "type": "int256"
            }
        ],
        "payable": false,
        "stateMutability": "view",
        "type": "function"
    },
    {
        "constant": true,
        "inputs": [],
        "name": "owner",
        "outputs": [
            {
                "name": "",
                "type": "address"
            }
        ],
        "payable": false,
        "stateMutability": "view",
        "type": "function"
    },
    {
        "inputs": [],
        "payable": false,
        "stateMutability": "nonpayable",
        "type": "constructor"
    }
]
