[
    {
        "constant": true,
        "name": "storedData",
        "inputs": [],
        "outputs": [
            {
                "name": "",
                "type": "uint256"
            }
        ],
        "type": "function"
    },
    {
        "constant": false,
        "name": "set",
        "inputs": [
            {
                "name": "x",
                "type": "uint256"
            }
        ],
        "outputs": [],
        "type": "function"
    },
    {
        "constant": true,
        "inputs": [],
        "name": "get",
        "outputs": [
            {
                "name": "retVal",
                "type": "uint256"
            }
        ],
        "type": "function"
    },
    {
        "inputs": [
            {
                "name": "initVal",
                "type": "uint256"
            }
        ],
        "type": "constructor"
    },
    {
        "anonymous": false,
        "inputs": [
            {
                "indexed": false,
                "name": "message",
                "type": "string"
            },
            {
                "indexed": false,
                "name": "newVal",
                "type": "uint256"
            }
        ],
        "name": "Change",
        "type": "event"
    }
]
